{"cameraMode":{"drawMode":0,"name":"Shaded","section":"Shading Mode"},"sceneLighting":false,"audioPlay":false,"sceneViewState":{"m_AlwaysRefresh":false,"showFog":true,"showSkybox":false,"showFlares":true,"showImageEffects":true,"showParticleSystems":true,"showVisualEffectGraphs":true,"m_FxEnabled":true},"in2DMode":false,"pivot":{"x":-0.6986969113349915,"y":2.1195826530456545,"z":-4.511199951171875},"rotation":{"x":0.12565991282463075,"y":-0.01457752101123333,"z":0.0019230460748076439,"w":0.9919811487197876},"size":5.152468204498291,"orthographic":false}