{"cameraMode":{"drawMode":0,"name":"Shaded","section":"Shading Mode"},"sceneLighting":false,"audioPlay":false,"sceneViewState":{"m_AlwaysRefresh":false,"showFog":true,"showSkybox":false,"showFlares":true,"showImageEffects":true,"showParticleSystems":true,"showVisualEffectGraphs":true,"m_FxEnabled":true},"in2DMode":false,"pivot":{"x":0.37790489196777346,"y":2.6960935592651369,"z":-6.261956691741943},"rotation":{"x":0.19464248418807984,"y":0.6298531889915466,"z":-0.16719934344291688,"w":0.7330812811851502},"size":15.847223281860352,"orthographic":false}