{"cameraMode":{"drawMode":0,"name":"Shaded","section":"Shading Mode"},"sceneLighting":true,"audioPlay":false,"sceneViewState":{"m_AlwaysRefresh":false,"showFog":true,"showSkybox":true,"showFlares":true,"showImageEffects":true,"showParticleSystems":true,"showVisualEffectGraphs":true,"m_FxEnabled":true},"in2DMode":false,"pivot":{"x":4.468674659729004,"y":2.205613136291504,"z":174.1873016357422},"rotation":{"x":0.22532550990581513,"y":0.07766248285770416,"z":-0.01796310767531395,"w":0.9710385203361511},"size":3.7643823623657228,"orthographic":false}